מרחב,עיר
1,"אודם, ישראל"
1,"אל רום, ישראל"
1,"בוקעתא, ישראל"
1,"מג'דל שמס, ישראל"
1,"מסעדה, ישראל"
1,"נווה אטי''ב, ישראל"
1,"נמרוד, ישראל"
1,"עין קנייא, ישראל"
2,"אבני איתן, ישראל"
2,"אזור תעשייה בני יהודה, ישראל"
2,"אלי עד, ישראל"
2,"אפיק, ישראל"
2,"בני יהודה, ישראל"
2,"גבעת יואב, ישראל"
2,"גשור, ישראל"
2,"חמת גדר, ישראל"
2,"חספין, ישראל"
2,"כפר חרוב, ישראל"
2,"מבוא חמה, ישראל"
2,"מיצר, ישראל"
2,"נאות גולן, ישראל"
2,"נוב, ישראל"
2,"נטור, ישראל"
2,"רמת מגשימים, ישראל"
3,"אורטל, ישראל"
3,"אלוני הבשן, ישראל"
3,"יונתן, ישראל"
3,"מרום גולן, ישראל"
3,"עין זיוון, ישראל"
3,"קשת, ישראל"
7,"א סלבה, ישראל"
7,"אניעם, ישראל"
7,"חד נס, ישראל"
7,"כנף, ישראל"
7,"מעלה גמלא, ישראל"
7,"קדמת צבי, ישראל"
7,"קלע, ישראל"
7,"קצרין, ישראל"
7,"שעל, ישראל"
10,"האון, ישראל"
10,"מסדה, ישראל"
10,"מעגן, ישראל"
10,"עין גב, ישראל"
10,"רמות, ישראל"
10,"שער הגולן, ישראל"
10,"תל קציר, ישראל"
14,"בצת, ישראל"
14,"כפר ראש הנקרה, ישראל"
14,"לימן, ישראל"
14,"מצובה, ישראל"
14,"שלומי, ישראל"
15,"א נוואקיר, ישראל"
15,"אדמית, ישראל"
15,"אידמית, ישראל"
15,"אילון, ישראל"
15,"ג'ורדיח, ישראל"
15,"גורן, ישראל"
15,"גורנות הגליל, ישראל"
15,"חניתה, ישראל"
15,"יערה, ישראל"
15,"עראמשה, ישראל"
16,"אבן מנחם, ישראל"
16,"זרעית, ישראל"
16,"שומרה, ישראל"
16,"שתולה, ישראל"
17,"אבירים, ישראל"
17,"אלקוש, ישראל"
17,"נטועה, ישראל"
17,"פסוטה, ישראל"
19,"דוב''ב, ישראל"
19,"מתת, ישראל"
19,"סאסא, ישראל"
20,"חורפיש, ישראל"
20,"פקיעין, ישראל"
20,"פקיעין חדשה, ישראל"
20,"צבעון, ישראל"
20,"צוריאל, ישראל"
22,"אביבים, ישראל"
22,"ברעם, ישראל"
22,"יראון, ישראל"
23,"ג'יש, ישראל"
23,"דלתון, ישראל"
23,"כרם בן זמרה, ישראל"
23,"עלמה, ישראל"
23,"ריחאנייה, ישראל"
24,"דישון, ישראל"
24,"יפתח, ישראל"
24,"מלכיה, ישראל"
24,"מרכז כ''ח, ישראל"
24,"רמות נפתלי, ישראל"
25,"גונן, ישראל"
25,"כפר בלום, ישראל"
25,"כפר סאלד, ישראל"
25,"להבות הבשן, ישראל"
25,"נאות מרדכי, ישראל"
25,"עמיר, ישראל"
25,"שדה נחמיה, ישראל"
25,"שמיר, ישראל"
26,"בית הלל, ישראל"
26,"יובל, ישראל"
26,"כפר גלעדי, ישראל"
26,"מטולה, ישראל"
26,"מנרה, ישראל"
26,"מעיין ברוך, ישראל"
26,"מרגליות, ישראל"
26,"משגב עם, ישראל"
26,"קרית שמונה, ישראל"
26,"תל חי, ישראל"
28,"דן, ישראל"
28,"דפנה, ישראל"
28,"הגושרים, ישראל"
28,"ע'ג'ר, ישראל"
28,"שאר ישוב, ישראל"
28,"שניר, ישראל"
29,"גשר הזיו, ישראל"
29,"נהריה, ישראל"
29,"סער, ישראל"
29,"עברון, ישראל"
29,"שבי ציון, ישראל"
30,"בן עמי, ישראל"
30,"כברי, ישראל"
31,"געתון, ישראל"
31,"יחיעם, ישראל"
31,"מנות, ישראל"
31,"נווה זיו, ישראל"
31,"עבדון, ישראל"
31,"עין יעקב, ישראל"
32,"הילה, ישראל"
32,"חוסן, ישראל"
32,"כפר ורדים, ישראל"
32,"מעונה, ישראל"
32,"מעיליא, ישראל"
32,"מעלות תרשיחא, ישראל"
35,"לוחמי הגיטאות, ישראל"
35,"מזרעה, ישראל"
35,"רגבה, ישראל"
37,"בוסתן הגליל, ישראל"
37,"בית העמק, ישראל"
37,"ג'דידה מכר, ישראל"
37,"כפר מסריק, ישראל"
37,"נס עמים, ישראל"
37,"נתיב השיירה, ישראל"
37,"עין המפרץ, ישראל"
37,"עכו, ישראל"
37,"שייח' דנון, ישראל"
37,"שמרת, ישראל"
38,"אשרת, ישראל"
38,"ג'וליס, ישראל"
38,"גיתה, ישראל"
38,"טל אל, ישראל"
38,"ירכא, ישראל"
38,"כליל, ישראל"
38,"כפר יאסיף, ישראל"
38,"לפידות, ישראל"
38,"עמקה, ישראל"
40,"כישור, ישראל"
40,"פלך, ישראל"
40,"תובל, ישראל"
41,"יאנוח ג'ת, ישראל"
41,"כיסרא סומיע, ישראל"
41,"מגדל תפן, ישראל"
42,"ביענה, ישראל"
42,"גילון, ישראל"
42,"דייר אל אסד, ישראל"
42,"כרמיאל, ישראל"
42,"לבון, ישראל"
42,"מג'ד אל כרום, ישראל"
42,"נחף, ישראל"
42,"סאג'ור, ישראל"
42,"עין אל אסד, ישראל"
42,"צורית, ישראל"
42,"קובסי, ישראל"
42,"ראמה, ישראל"
42,"שגור, ישראל"
42,"שזור, ישראל"
43,"בית ג'ן, ישראל"
43,"חלוץ, ישראל"
43,"חרשים, ישראל"
44,"אור הגנוז, ישראל"
44,"אמירים, ישראל"
44,"בר יוחאי, ישראל"
44,"חמדת ימים, ישראל"
44,"כפר שמאי, ישראל"
44,"מירון, ישראל"
44,"מרכז אזורי מרום הגליל, ישראל"
44,"עין כמונים, ישראל"
44,"פרוד, ישראל"
44,"קדיתא, ישראל"
44,"שפר, ישראל"
46,"ספסופה, ישראל"
47,"איילת השחר, ישראל"
47,"גדות, ישראל"
47,"חולתה, ישראל"
47,"יסוד המעלה, ישראל"
47,"משמר הירדן, ישראל"
47,"עמוקה, ישראל"
47,"שדה אליעזר, ישראל"
49,"ביריה, ישראל"
49,"צפת, ישראל"
50,"אליפלט, ישראל"
50,"אלמגור, ישראל"
50,"אמנון, ישראל"
50,"ורד הגליל, ישראל"
50,"חצור הגלילית, ישראל"
50,"טובא זנגריה, ישראל"
50,"כורזים, ישראל"
50,"כפר הנשיא, ישראל"
50,"כפר נחום, ישראל"
50,"כרי דשא, ישראל"
50,"כרכום, ישראל"
50,"מחניים, ישראל"
50,"עמיעד, ישראל"
50,"ראש פינה, ישראל"
55,"ארבל, ישראל"
55,"גינוסר, ישראל"
55,"חוקוק, ישראל"
55,"חמאם, ישראל"
55,"כחל, ישראל"
55,"כפר זיתים, ישראל"
55,"כפר חיטים, ישראל"
55,"לבנים, ישראל"
55,"מגדל, ישראל"
55,"רביד, ישראל"
56,"טבריה, ישראל"
56,"מצפה, ישראל"
57,"בועיינה נוג'יידאת, ישראל"
57,"טפחות, ישראל"
57,"כלנית, ישראל"
57,"כפר חנניה, ישראל"
57,"מגאר, ישראל"
57,"מסד, ישראל"
57,"מצפה נטופה, ישראל"
57,"עיילבון, ישראל"
57,"עינבר, ישראל"
57,"קדרים, ישראל"
60,"אבטליון, ישראל"
60,"אשבל, ישראל"
60,"אשחר, ישראל"
60,"דייר חנא, ישראל"
60,"הררית, ישראל"
60,"חוג'ייראת, ישראל"
60,"חוסנייה, ישראל"
60,"חזון, ישראל"
60,"יחד, ישראל"
60,"כמאנה, ישראל"
60,"כמון, ישראל"
60,"לוטם, ישראל"
60,"מורן, ישראל"
60,"מכמנים, ישראל"
60,"סח'נין, ישראל"
60,"סלמה, ישראל"
60,"עראבה, ישראל"
60,"ערב אזונר, ישראל"
60,"צביה, ישראל"
60,"ראס אל עין, ישראל"
60,"תרדיון, ישראל"
61,"בית רימון, ישראל"
61,"עוזייר, ישראל"
61,"רומאנה, ישראל"
61,"רומת היב, ישראל"
63,"אבו דיאב, ישראל"
63,"אום א סח'אלי, ישראל"
63,"אחיהוד, ישראל"
63,"אלון הגליל, ישראל"
63,"אעבלין, ישראל"
63,"אתגר, ישראל"
63,"ביר אל מכסור, ישראל"
63,"דמיידה, ישראל"
63,"הרדוף, ישראל"
63,"ח'ואלד, ישראל"
63,"חנתון, ישראל"
63,"טמרה, ישראל"
63,"יבור, ישראל"
63,"יובלים, ישראל"
63,"יודפת, ישראל"
63,"יסעור, ישראל"
63,"יעד, ישראל"
63,"כאבול, ישראל"
63,"כאוכב אבו אל היגא, ישראל"
63,"כפר מנדא, ישראל"
63,"מורשת, ישראל"
63,"מנוף, ישראל"
63,"מצפה אבי''ב, ישראל"
63,"מרכז אזורי מישגב, ישראל"
63,"נופית, ישראל"
63,"סואעד, ישראל"
63,"עדי, ישראל"
63,"עצמון שגב, ישראל"
63,"ערב אל גנאדי, ישראל"
63,"ערב אל נעים, ישראל"
63,"ערב אל סגיראת, ישראל"
63,"ערב אל סמניה, ישראל"
63,"קורנית, ישראל"
63,"ראס עלי, ישראל"
63,"רקפת, ישראל"
63,"שורשים, ישראל"
63,"שכניה, ישראל"
63,"שעב, ישראל"
63,"שפרעם, ישראל"
70,"אזור תעשייה נעמן, ישראל"
70,"כפר ביאליק, ישראל"
70,"קרית ביאליק, ישראל"
70,"קרית חיים, ישראל"
70,"קרית ים, ישראל"
70,"קרית מוצקין, ישראל"
70,"קרית שמואל, ישראל"
71,"אבטין, ישראל"
71,"אושה, ישראל"
71,"אל ח'וואלד מערב, ישראל"
71,"אפק, ישראל"
71,"יגור, ישראל"
71,"כפר המכבי, ישראל"
71,"כפר הנוער הדתי, ישראל"
71,"כפר חסידים א', ישראל"
71,"כפר חסידים ב', ישראל"
71,"סרכיס, ישראל"
71,"קרית אתא, ישראל"
71,"רומיחאת, ישראל"
71,"רכסים, ישראל"
71,"רמת יוחנן, ישראל"
75,"החותרים, ישראל"
75,"חיפה, ישראל"
75,"טירת כרמל, ישראל"
75,"כפר גלים, ישראל"
78,"נמל חיפה, ישראל"
80,"נשר, ישראל"
81,"בית צבי, ישראל"
81,"גבע כרמל, ישראל"
81,"ימין אורד, ישראל"
81,"מגדים, ישראל"
81,"נווה ים, ישראל"
81,"ניר עציון, ישראל"
81,"עין הוד, ישראל"
81,"עין חוד, ישראל"
81,"עין כרמל, ישראל"
81,"עתלית, ישראל"
82,"בית אורן, ישראל"
82,"גבעת וולפסון, ישראל"
82,"דאלית אל כרמל, ישראל"
82,"עספיא, ישראל"
86,"אורנים, ישראל"
86,"אלונים, ישראל"
86,"בית זיד, ישראל"
86,"בסמת טבעון, ישראל"
86,"כפר תקווה, ישראל"
86,"קרית טבעון, ישראל"
86,"שער העמקים, ישראל"
87,"אלוני אבא, ישראל"
87,"בית לחם הגלילית, ישראל"
87,"בית שערים, ישראל"
87,"גבעת אלה, ישראל"
87,"גבת, ישראל"
87,"גיניגר, ישראל"
87,"יפעת, ישראל"
87,"כעביה טבאש חג'אג'רה, ישראל"
87,"כפר יהושע, ישראל"
87,"מגדל העמק, ישראל"
87,"מנשית זבדה, ישראל"
87,"נהלל, ישראל"
87,"נווה יער, ישראל"
87,"עילוט, ישראל"
87,"ערב אל עיסאת, ישראל"
87,"רמת דוד, ישראל"
87,"רמת ישי, ישראל"
87,"שדה יעקב, ישראל"
87,"שמשית, ישראל"
87,"שריד, ישראל"
87,"תמרת, ישראל"
89,"היוגב, ישראל"
89,"כפר ברוך, ישראל"
90,"אחוזת ברק, ישראל"
90,"דברת, ישראל"
90,"דחי, ישראל"
90,"טמרה יזרעאל, ישראל"
90,"מפעלי גלבוע, ישראל"
90,"מרחביה מושב, ישראל"
90,"מרחביה קיבוץ, ישראל"
90,"נאעורה, ישראל"
90,"נורית, ישראל"
90,"נין, ישראל"
90,"סולם שונם, ישראל"
90,"עין חרוד איחוד, ישראל"
90,"עין חרוד מאוחד, ישראל"
90,"עפולה, ישראל"
93,"אביטל, ישראל"
93,"אדירים, ישראל"
93,"אומן, ישראל"
93,"ברק, ישראל"
93,"גבע, ישראל"
93,"גדיש, ישראל"
93,"גדעונה, ישראל"
93,"גן נר, ישראל"
93,"דבורה, ישראל"
93,"חבר, ישראל"
93,"טייבה ליד מולדת, ישראל"
93,"יזרעאל, ישראל"
93,"יעל, ישראל"
93,"כפר יחזקאל, ישראל"
93,"מגן שאול, ישראל"
93,"מוקייבלה, ישראל"
93,"מיטב, ישראל"
93,"מלאה, ישראל"
93,"ניר יפה, ישראל"
93,"פרזון, ישראל"
93,"צנדלה, ישראל"
93,"רם און, ישראל"
93,"רמת צבי, ישראל"
93,"תל יוסף, ישראל"
95,"אכסאל, ישראל"
95,"בלפוריה, ישראל"
95,"הושעיה, ישראל"
95,"הסוללים, ישראל"
95,"יפיע, ישראל"
95,"כפר גדעון, ישראל"
95,"כפר החורש, ישראל"
95,"כפר כנא, ישראל"
95,"מזרע, ישראל"
95,"משהד, ישראל"
95,"נצרת, ישראל"
95,"נצרת עילית, ישראל"
95,"עין מאהל, ישראל"
95,"ערב אל פמאז, ישראל"
95,"ציפורי, ישראל"
95,"ריינה, ישראל"
95,"תל עדשים, ישראל"
96,"אילניה, ישראל"
96,"בית קשת, ישראל"
96,"גזית, ישראל"
96,"דבוריה, ישראל"
96,"טורעאן, ישראל"
96,"כדורי, ישראל"
96,"כפר מיסר, ישראל"
96,"כפר קיש, ישראל"
96,"כפר תבור, ישראל"
96,"עין דור, ישראל"
96,"שבלי, ישראל"
96,"שדמות דבורה, ישראל"
96,"שעורים, ישראל"
98,"אוהלו, ישראל"
98,"אלומות, ישראל"
98,"אפיקים, ישראל"
98,"אשדות יעקב איחוד, ישראל"
98,"אשדות יעקב מאוחד, ישראל"
98,"בית זרע, ישראל"
98,"בית ירח, ישראל"
98,"גבעת אבני, ישראל"
98,"דגניה א', ישראל"
98,"דגניה ב', ישראל"
98,"הודיות , ישראל"
98,"הזורעים, ישראל"
98,"יבנאל, ישראל"
98,"כינרת מושבה, ישראל"
98,"כינרת קבוצה, ישראל"
98,"כפר כמא, ישראל"
98,"כפר נהר הירדן, ישראל"
98,"לביא, ישראל"
98,"מנחמיה, ישראל"
98,"פוריה כפר עבודה, ישראל"
98,"פוריה נווה עובד, ישראל"
98,"פוריה עילית, ישראל"
98,"שדה אילן, ישראל"
98,"שרונה, ישראל"
102,"בת שלמה, ישראל"
102,"דור, ישראל"
102,"הבונים, ישראל"
102,"זכרון יעקב, ישראל"
102,"כרם מהר''ל, ישראל"
102,"מאיר שפיה, ישראל"
102,"מעיין צבי, ישראל"
102,"מרכז מיר''ב, ישראל"
102,"נחשולים, ישראל"
102,"עופר, ישראל"
102,"עין איילה, ישראל"
102,"פוריידיס, ישראל"
102,"צרופה, ישראל"
103,"אליקים, ישראל"
103,"ג'ועארה, ישראל"
103,"גלעד, ישראל"
103,"דליה, ישראל"
103,"הזורע, ישראל"
103,"יוקנעם, ישראל"
103,"יוקנעם עילית, ישראל"
103,"מגידו, ישראל"
103,"מדרך עוז, ישראל"
103,"משמר העמק, ישראל"
103,"עין העמק, ישראל"
103,"עין השופט, ישראל"
103,"רמות מנשה, ישראל"
103,"רמת השופט, ישראל"
104,"אביאל, ישראל"
104,"אלוני יצחק, ישראל"
104,"בית חנניה, ישראל"
104,"בנימינה גבעת עדה, ישראל"
104,"ג'סר א זרקא, ישראל"
104,"גבעת ניל''י, ישראל"
104,"כפר גליקסון, ישראל"
104,"מעגן מיכאל, ישראל"
104,"עמיקם, ישראל"
104,"רגבים, ישראל"
105,"אור עקיבא, ישראל"
105,"קיסריה, ישראל"
105,"שדות ים, ישראל"
106,"גן השומרון, ישראל"
106,"כפר פינס, ישראל"
106,"משמרות, ישראל"
106,"נווה אבות, ישראל"
106,"עין עירון, ישראל"
106,"עין שמר, ישראל"
106,"פרדס חנה כרכור, ישראל"
107,"חדרה, ישראל"
108,"גבעת חביבה, ישראל"
108,"גן שמואל, ישראל"
108,"מאור, ישראל"
108,"מענית, ישראל"
108,"שדה יצחק, ישראל"
108,"שער מנשה, ישראל"
108,"תלמי אלעזר, ישראל"
112,"אום אל קוטוף, ישראל"
112,"אל מועלקה, ישראל"
112,"אל עריאן, ישראל"
112,"ברקאי, ישראל"
112,"ד'הר אל עבד, ישראל"
112,"דאר אל חנון, ישראל"
112,"ח'ירבת אל עכאבה, ישראל"
112,"כפר קרע, ישראל"
112,"מנסורה, ישראל"
112,"מצפה אילן, ישראל"
112,"ערערה, ישראל"
112,"קציר חריש, ישראל"
112,"ריחן, ישראל"
113,"אום אל פחם, ישראל"
113,"בסמ''ה, ישראל"
113,"גבעת עוז, ישראל"
113,"ח'ירבת מועאוויה, ישראל"
113,"מי עמי, ישראל"
113,"מעלה עירון, ישראל"
118,"אום א ריחאן, ישראל"
118,"אום דאר, ישראל"
118,"בורקין, ישראל"
118,"האשימיה, ישראל"
118,"זובובא, ישראל"
118,"זיבדה, ישראל"
118,"ח'ירבת א טורם, ישראל"
118,"ח'ירבת א טייבה, ישראל"
118,"חיננית, ישראל"
118,"חרמש, ישראל"
118,"טורה על ע'רביה, ישראל"
118,"יאמון, ישראל"
118,"יעבד, ישראל"
118,"כופיראת, ישראל"
118,"כפר דאן, ישראל"
118,"כפר קוד, ישראל"
118,"מבוא דותן, ישראל"
118,"מנשיה, ישראל"
118,"נזלה א שרקיה, ישראל"
118,"נזלת זיד, ישראל"
118,"סילת אל ח'רית'יה, ישראל"
118,"עאנין, ישראל"
118,"עראבה ליד ג'נין, ישראל"
118,"ערקה, ישראל"
118,"פיראסין, ישראל"
118,"קפין, ישראל"
118,"רומאנה ממזרח לאום אל פחם, ישראל"
118,"שקד, ישראל"
118,"תיעניכ, ישראל"
118,"תעשיון שח''ק, ישראל"
119,"א שהאדה, ישראל"
119,"אום א תות, ישראל"
119,"איג'ניסיניא, ישראל"
119,"איכתאבא, ישראל"
119,"אירתאח, ישראל"
119,"אל ג'ארושיה, ישראל"
119,"אל מוטילה, ישראל"
119,"אל מוע'ייר, ישראל"
119,"אקרע, ישראל"
119,"באקה א שרקיה, ישראל"
119,"בורקה ליד שכם, ישראל"
119,"בזאריה, ישראל"
119,"בית אומרין, ישראל"
119,"בית קאד, ישראל"
119,"בלעא, ישראל"
119,"ג'בע, ישראל"
119,"ג'ודידה, ישראל"
119,"ג'לבון, ישראל"
119,"ג'למה, ישראל"
119,"ג'לקמוס, ישראל"
119,"ג'נין, ישראל"
119,"ג'רבה, ישראל"
119,"דיר אבו דעיף, ישראל"
119,"דיר אל ע'וסון, ישראל"
119,"דיר ע'זאלה, ישראל"
119,"דנאבה, ישראל"
119,"ואדי א דבע, ישראל"
119,"זאוויה בצפון שומרון, ישראל"
119,"זבאבידה, ישראל"
119,"ח'ירבת אל עקרבאניה, ישראל"
119,"ח'ירבת בית חסן, ישראל"
119,"טובאס, ישראל"
119,"טול כרם, ישראל"
119,"טלוזה, ישראל"
119,"טמון, ישראל"
119,"יאסיד, ישראל"
119,"כופיר, ישראל"
119,"כפר א לבד, ישראל"
119,"כפר ראעי, ישראל"
119,"כפר רומאן, ישראל"
119,"כשדה, ישראל"
119,"מוח'יים פארעה, ישראל"
119,"מירכה, ישראל"
119,"מית'לון, ישראל"
119,"מסיליה, ישראל"
119,"משרוע בית קאד, ישראל"
119,"נור א שמס, ישראל"
119,"נזלה אל ווסטא, ישראל"
119,"נזלה אל ע'רביה, ישראל"
119,"נזלת אבו נאר, ישראל"
119,"ניסף ג'וביל, ישראל"
119,"סאנור, ישראל"
119,"סידא, ישראל"
119,"סילת א דהר, ישראל"
119,"סיר, ישראל"
119,"סיריס, ישראל"
119,"עאבה, ישראל"
119,"עג'ה, ישראל"
119,"עטארה, ישראל"
119,"עילאר, ישראל"
119,"עין אל בידא, ישראל"
119,"ענבתא, ישראל"
119,"ענזה, ישראל"
119,"עסירה א שמאליה, ישראל"
119,"עקבה בשומרון, ישראל"
119,"עקבת תיאסיר, ישראל"
119,"עראנה, ישראל"
119,"ערבונה, ישראל"
119,"עתיל, ישראל"
119,"פחמה, ישראל"
119,"פנדקומיה, ישראל"
119,"פקועה, ישראל"
119,"קבאטיה, ישראל"
119,"ראבא, ישראל"
119,"רמה, ישראל"
119,"שוויכה, ישראל"
119,"תיאסיר, ישראל"
119,"תלפית, ישראל"
119,"תנין, ישראל"
120,"א ראס, ישראל"
120,"אבני חפץ, ישראל"
120,"אודלה, ישראל"
120,"אימאתין, ישראל"
120,"איתמר, ישראל"
120,"אל פונדוק, ישראל"
120,"אלון מורה, ישראל"
120,"באקה, ישראל"
120,"בורין, ישראל"
120,"בית א אל פוקא, ישראל"
120,"בית איבא, ישראל"
120,"בית דג'ן, ישראל"
120,"בית וזן, ישראל"
120,"בית ליד, ישראל"
120,"בית פוריכ, ישראל"
120,"ביתא א תחתא, ישראל"
120,"בלאטה, ישראל"
120,"ברכה, ישראל"
120,"ג'וניד, ישראל"
120,"ג'יוס, ישראל"
120,"ג'ית, ישראל"
120,"ג'מאעין, ישראל"
120,"גבעת סנה יעקב, ישראל"
120,"דיר אל חטב, ישראל"
120,"דיר שרף, ישראל"
120,"הר גריזים, ישראל"
120,"זוואתא, ישראל"
120,"זיתא, ישראל"
120,"ח'וארה, ישראל"
120,"ח'ירבת סיר, ישראל"
120,"חג'ה, ישראל"
120,"חוות גלעד, ישראל"
120,"יאנון, ישראל"
120,"יצהר, ישראל"
120,"כור, ישראל"
120,"כפר ג'מאל, ישראל"
120,"כפר זיבאד, ישראל"
120,"כפר סור, ישראל"
120,"כפר עבוש, ישראל"
120,"כפר קדום, ישראל"
120,"כפר קליל, ישראל"
120,"מג'דל, ישראל"
120,"מדמא, ישראל"
120,"נאקורה, ישראל"
120,"סאלם, ישראל"
120,"סבסטיה, ישראל"
120,"סלעית, ישראל"
120,"ספארין, ישראל"
120,"סרה, ישראל"
120,"עוורתא, ישראל"
120,"עוסארין, ישראל"
120,"עוריף, ישראל"
120,"עזמוט, ישראל"
120,"עין יאנון, ישראל"
120,"עינאבוס, ישראל"
120,"עיראק בורין, ישראל"
120,"ענב, ישראל"
120,"עסירה אל קיבליה, ישראל"
120,"עסכר, ישראל"
120,"עקרבה, ישראל"
120,"פלאמה, ישראל"
120,"פרעון, ישראל"
120,"פרעתה, ישראל"
120,"קדומים, ישראל"
120,"קוזה, ישראל"
120,"קוסין, ישראל"
120,"ראמין, ישראל"
120,"רוג'ייב, ישראל"
120,"רפידיה, ישראל"
120,"שבי שומרון, ישראל"
120,"שופה, ישראל"
120,"שכם, ישראל"
120,"תל, ישראל"
121,"א שייח' אחמד, ישראל"
121,"אבו סלמאן, ישראל"
121,"אל מודוור, ישראל"
121,"אלפי מנשה, ישראל"
121,"אלקנה, ישראל"
121,"בידיה, ישראל"
121,"בית אמין, ישראל"
121,"ג'ינסאפוט, ישראל"
121,"דיר איסתיא, ישראל"
121,"ח'ירבת א נבי אליאס, ישראל"
121,"ח'ירבת אל אשקר, ישראל"
121,"ח'ירבת עסלה, ישראל"
121,"ח'ירבת ראס א טירה, ישראל"
121,"ח'ירבת ראס עטיה, ישראל"
121,"יקיר, ישראל"
121,"כפר לאקף, ישראל"
121,"כפר ת'ולת, ישראל"
121,"מסחה, ישראל"
121,"מעלה שומרון, ישראל"
121,"נופים, ישראל"
121,"סניריא, ישראל"
121,"סרטא, ישראל"
121,"עזון, ישראל"
121,"עזון עתמה, ישראל"
121,"עמנואל, ישראל"
121,"עץ אפרים, ישראל"
121,"צופין, ישראל"
121,"קלקיליה, ישראל"
121,"קראות בני חסן, ישראל"
121,"קרני שומרון, ישראל"
121,"שערי תקווה, ישראל"
122,"אריאל, ישראל"
122,"ברקן, ישראל"
122,"חארס, ישראל"
122,"כיפל חארת, ישראל"
122,"מרדה, ישראל"
122,"סלפית, ישראל"
122,"עין אל מטווי, ישראל"
122,"פרח'ה, ישראל"
122,"קירה, ישראל"
122,"קרית נטפים, ישראל"
122,"רבבה, ישראל"
123,"א לובאן, ישראל"
123,"בית אריה, ישראל"
123,"ברוכין, ישראל"
123,"דיר בלוט, ישראל"
123,"זאוויה, ישראל"
123,"עופרים, ישראל"
123,"עלי זהב, ישראל"
123,"פדואל, ישראל"
123,"ראפאת ליד פדואל, ישראל"
123,"רנתיס, ישראל"
124,"אום ספא, ישראל"
124,"איסכאכא, ישראל"
124,"בורהאם, ישראל"
124,"בורוקין, ישראל"
124,"בית רימא, ישראל"
124,"ג'יביא, ישראל"
124,"ג'ילג'יליא, ישראל"
124,"דיר א סודאן, ישראל"
124,"דיר אבו משעל, ישראל"
124,"דיר ניזאם, ישראל"
124,"דיר ע'סאנה, ישראל"
124,"ח'ירבת קיס, ישראל"
124,"חלמיש, ישראל"
124,"יאסוף, ישראל"
124,"כובר, ישראל"
124,"כפר א דיכ, ישראל"
124,"כפר עין, ישראל"
124,"כפר תפוח, ישראל"
124,"לובאן שרקיה, ישראל"
124,"מזאריע א נובאני, ישראל"
124,"מעלה לבונה, ישראל"
124,"נבי סאלח, ישראל"
124,"סאוויה, ישראל"
124,"סינג'יל, ישראל"
124,"עאבוד, ישראל"
124,"עבווין, ישראל"
124,"עג'ול, ישראל"
124,"עטארה ליד ביר זית, ישראל"
124,"עטרת, ישראל"
124,"עמוריה, ישראל"
124,"ערורה, ישראל"
124,"קראות בני זיד, ישראל"
125,"אזור תעשייה שער בנימין, ישראל"
125,"ג'אלוד, ישראל"
125,"ג'וריש, ישראל"
125,"דיר ג'ריר, ישראל"
125,"דיר דיבוואן, ישראל"
125,"ח'ירבת אבו פלאח, ישראל"
125,"טייבה ליד עפרה, ישראל"
125,"יתמא, ישראל"
125,"כפר מאליכ, ישראל"
125,"מגדלים, ישראל"
125,"מוח'מאס, ישראל"
125,"מזרעה א שרקיה, ישראל"
125,"סילואד, ישראל"
125,"עלי, ישראל"
125,"עפרה, ישראל"
125,"קבלאן, ישראל"
125,"קוסרה, ישראל"
125,"קריות, ישראל"
125,"רחלים, ישראל"
125,"רמון, ישראל"
125,"שבות רחל, ישראל"
125,"שילה, ישראל"
125,"תורמוס עייא, ישראל"
125,"תלפית במרכז השומרון, ישראל"
126,"א ראם, ישראל"
126,"אבו קש, ישראל"
126,"אבו שח'ידם, ישראל"
126,"אל בירה, ישראל"
126,"בורקה, ישראל"
126,"בילעין, ישראל"
126,"ביר זית, ישראל"
126,"בית איענאן, ישראל"
126,"בית אל, ישראל"
126,"בית דוקו, ישראל"
126,"בית חורון, ישראל"
126,"בית ליקיא, ישראל"
126,"בית סירא, ישראל"
126,"בית ע'ור א תחתא, ישראל"
126,"בית ע'ור אל פוקא, ישראל"
126,"ביתוניא, ישראל"
126,"ביתילו, ישראל"
126,"ביתין, ישראל"
126,"ג'אניה, ישראל"
126,"ג'בע מצפון לירושלים, ישראל"
126,"ג'לזון, ישראל"
126,"ג'מאלא, ישראל"
126,"ג'פנא, ישראל"
126,"גבעת אסף, ישראל"
126,"דולב, ישראל"
126,"דורא אל קריע, ישראל"
126,"דיר איבזיע, ישראל"
126,"דיר עמאר, ישראל"
126,"דיר קדיס, ישראל"
126,"ח'ירבת א טירה, ישראל"
126,"ח'ירבת אל מיסבאח, ישראל"
126,"ח'ירבתא, ישראל"
126,"טירה ליד בית חורון, ישראל"
126,"טלמון, ישראל"
126,"יברוד, ישראל"
126,"כוכב יעקב, ישראל"
126,"כפר ניעמה, ישראל"
126,"כפר עקב, ישראל"
126,"מזרעה אל קיבליה, ישראל"
126,"נחליאל, ישראל"
126,"ניל''י, ישראל"
126,"נעלה, ישראל"
126,"סורדה, ישראל"
126,"ספא, ישראל"
126,"עין איוב, ישראל"
126,"עין יברוד, ישראל"
126,"עין סיניא, ישראל"
126,"עין עריכ, ישראל"
126,"עין קיניא, ישראל"
126,"פסגות, ישראל"
126,"קיביא, ישראל"
126,"קלנדיה, ישראל"
126,"ראס כרכר, ישראל"
126,"ראפאת ליד גבעת זאב, ישראל"
126,"רמאללה, ישראל"
126,"שבתין, ישראל"
126,"שוקבא, ישראל"
127,"בית איג'זא, ישראל"
127,"ג'ודירה, ישראל"
127,"ג'יב, ישראל"
127,"גבעון החדשה, ישראל"
127,"גבעת זאב, ישראל"
127,"נבי סמואל, ישראל"
128,"אזור תעשיות צבאים, ישראל"
128,"אחוזת שושנה, ישראל"
128,"ביכורה, ישראל"
128,"בית אלפא, ישראל"
128,"בית השיטה, ישראל"
128,"בית יוסף, ישראל"
128,"בית שאן, ישראל"
128,"גשר, ישראל"
128,"חוות דושן, ישראל"
128,"חוות עדן, ישראל"
128,"חוות שפעה, ישראל"
128,"חמדיה, ישראל"
128,"חפצי בה, ישראל"
128,"טירת צבי, ישראל"
128,"ירדנה, ישראל"
128,"כפר רופין, ישראל"
128,"מולדת, ישראל"
128,"מירב, ישראל"
128,"מלכישוע, ישראל"
128,"מסילות, ישראל"
128,"מעוז חיים, ישראל"
128,"מעלה גלבוע, ישראל"
128,"מפעלי שאן, ישראל"
128,"נווה אור, ישראל"
128,"נווה איתן, ישראל"
128,"ניר דוד, ישראל"
128,"עין הנצי''ב, ישראל"
128,"רוויה, ישראל"
128,"רחוב, ישראל"
128,"רשפים, ישראל"
128,"שדה אליהו, ישראל"
128,"שדה נחום, ישראל"
128,"שדי תרומות, ישראל"
128,"שלוחות, ישראל"
128,"תל תאומים, ישראל"
130,"ארגמן, ישראל"
130,"בקעות, ישראל"
130,"ברדלה, ישראל"
130,"זובידאת, ישראל"
130,"ח'לת אל פולה, ישראל"
130,"חמדת, ישראל"
130,"חמרה, ישראל"
130,"מחולה, ישראל"
130,"מכורה, ישראל"
130,"מרג' נעג'ה, ישראל"
130,"משכיות, ישראל"
130,"עאטוף, ישראל"
130,"פארעה אל ג'פתלכ, ישראל"
130,"פרוש בית דג'ן, ישראל"
130,"רועי, ישראל"
130,"רותם, ישראל"
130,"שדמות מחולה, ישראל"
130,"תל א שמסיה, ישראל"
130,"תל אל בידה, ישראל"
131,"גיתית, ישראל"
131,"יפית, ישראל"
131,"משואה, ישראל"
131,"שלומציון, ישראל"
132,"גלגל, ישראל"
132,"דומא, ישראל"
132,"ייט''ב, ישראל"
132,"מוע'ייר, ישראל"
132,"מעלה אפרים, ישראל"
132,"נירן, ישראל"
132,"נעמי, ישראל"
132,"נתיב הגדוד, ישראל"
132,"עוג'א אתחתא, ישראל"
132,"עין מע'ר, ישראל"
132,"פסאיל, ישראל"
132,"פצאל, ישראל"
132,"תומר, ישראל"
133,"אלון, ישראל"
133,"אלמוג, ישראל"
133,"בית הערבה, ישראל"
133,"גבע בנימין, ישראל"
133,"ורד יריחו, ישראל"
133,"יריחו, ישראל"
133,"כוכב השחר, ישראל"
133,"כפר אדומים, ישראל"
133,"מבואות יריחו, ישראל"
133,"מעלה מכמש, ישראל"
133,"מצפה יריחו, ישראל"
133,"נועימה, ישראל"
133,"נועימה מחנה פליטים, ישראל"
133,"נח''ל אלישע, ישראל"
133,"עין א סולטאן מחנה פליטים, ישראל"
133,"עלמון, ישראל"
133,"עקאבת ג'בר מחנה פליטים, ישראל"
133,"קליה, ישראל"
133,"רימונים, ישראל"
137,"אליכין, ישראל"
137,"אלישיב, ישראל"
137,"בית חזון, ישראל"
137,"בית חרות, ישראל"
137,"בית ינאי, ישראל"
137,"גאולי תימן, ישראל"
137,"גבעת חיים איחוד, ישראל"
137,"גבעת חיים מאוחד, ישראל"
137,"חגלה, ישראל"
137,"חופית, ישראל"
137,"חיבת ציון, ישראל"
137,"חרב לאת, ישראל"
137,"כפר הרא''ה, ישראל"
137,"כפר ויתקין, ישראל"
137,"מבואות ים, ישראל"
137,"מכמורת, ישראל"
137,"נעורים, ישראל"
137,"עין החורש, ישראל"
138,"אביחיל, ישראל"
138,"בית יצחק שער חפר, ישראל"
138,"ביתן אהרן, ישראל"
138,"בת חן, ישראל"
138,"גבעת שפירא, ישראל"
138,"גנות הדר, ישראל"
138,"הדר עם, ישראל"
138,"חבצלת השרון, ישראל"
138,"כפר חיים, ישראל"
138,"כפר ידידיה, ישראל"
138,"מעברות, ישראל"
138,"משמר השרון, ישראל"
138,"נורדיה, ישראל"
138,"נתניה, ישראל"
138,"צוקי ים, ישראל"
138,"שושנת העמקים, ישראל"
139,"אייל, ישראל"
139,"אילנות, ישראל"
139,"בית ברל, ישראל"
139,"בני דרור, ישראל"
139,"גאולים, ישראל"
139,"חרות, ישראל"
139,"טייבה, ישראל"
139,"טירה, ישראל"
139,"יעף, ישראל"
139,"כוכב יאיר, ישראל"
139,"כפר הס, ישראל"
139,"כפר יעבץ, ישראל"
139,"כפר עבודה, ישראל"
139,"משמרת, ישראל"
139,"ניר אליהו, ישראל"
139,"עזריאל, ישראל"
139,"עין ורד, ישראל"
139,"עין שריד, ישראל"
139,"פורת, ישראל"
139,"פרדסיה, ישראל"
139,"צור יגאל, ישראל"
139,"צור יצחק, ישראל"
139,"צור משה, ישראל"
139,"צור נתן, ישראל"
139,"קדימה צורן, ישראל"
139,"קלנסווה, ישראל"
139,"רמת הכובש, ישראל"
139,"שדה ורבורג, ישראל"
139,"שער אפרים, ישראל"
139,"תל מונד, ישראל"
140,"גבעת ח''ן, ישראל"
140,"רעננה, ישראל"
140,"רשפון, ישראל"
141,"גן חיים, ישראל"
141,"כפר סבא, ישראל"
141,"נווה ימין, ישראל"
141,"צופית, ישראל"
142,"אבן יהודה, ישראל"
142,"אודים, ישראל"
142,"ארסוף, ישראל"
142,"בית יהושע, ישראל"
142,"בני ציון, ישראל"
142,"בצרה, ישראל"
142,"געש, ישראל"
142,"ורדים מוסד חינוכי, ישראל"
142,"חרוצים, ישראל"
142,"יקום, ישראל"
142,"כפר נטר, ישראל"
142,"קרית שלמה, ישראל"
142,"שפיים, ישראל"
142,"תל יצחק, ישראל"
143,"אורנית, ישראל"
143,"אלישמע, ישראל"
143,"ג'לג'וליה, ישראל"
143,"גני עם, ישראל"
143,"הוד השרון, ישראל"
143,"חבלה, ישראל"
143,"חגור, ישראל"
143,"חורשים, ישראל"
143,"ירחיב, ישראל"
143,"ירקונה, ישראל"
143,"כפר ברא, ישראל"
143,"כפר מל''ל, ישראל"
143,"כפר קאסם, ישראל"
143,"מתן, ישראל"
143,"נווה ירק, ישראל"
143,"נירית, ישראל"
143,"עדנים, ישראל"
143,"רמות השבים, ישראל"
143,"שדי חמד, ישראל"
149,"אומץ, ישראל"
149,"אחיטוב, ישראל"
149,"באקה אל ע'רביה, ישראל"
149,"באקה ג'ת, ישראל"
149,"בחן, ישראל"
149,"ג'ת, ישראל"
149,"המעפיל, ישראל"
149,"זיתא ליד באקה אל ע'רביה, ישראל"
149,"זמר, ישראל"
149,"להבות חביבה, ישראל"
149,"מגל, ישראל"
149,"מייסר, ישראל"
149,"מצר, ישראל"
149,"נזלת עיסא, ישראל"
150,"בארותיים, ישראל"
150,"בורגתה, ישראל"
150,"בית הלוי, ישראל"
150,"בת חפר, ישראל"
150,"גן יאשיה, ישראל"
150,"העוגן, ישראל"
150,"חניאל, ישראל"
150,"יד חנה, ישראל"
150,"ינוב, ישראל"
150,"כפר יונה, ישראל"
150,"כפר מונש, ישראל"
150,"ניצני עוז, ישראל"
150,"עולש, ישראל"
150,"תנובות, ישראל"
155,"גליל ים, ישראל"
155,"הכפר הירוק, ישראל"
155,"הרצליה, ישראל"
155,"כפר שמריהו, ישראל"
155,"רמת השרון, ישראל"
157,"תל אביב יפו, ישראל"
160,"בני ברק, ישראל"
160,"גבעת שמואל, ישראל"
160,"גבעתיים, ישראל"
160,"חוות שלם, ישראל"
160,"פתח תקווה, ישראל"
160,"רמת גן, ישראל"
161,"אור יהודה, ישראל"
161,"גני תקווה, ישראל"
161,"יהוד מונוסון, ישראל"
161,"כפר אז''ר, ישראל"
161,"מעש, ישראל"
161,"נווה אפעל, ישראל"
161,"סביון, ישראל"
161,"קרית אונו, ישראל"
161,"רמת אפעל, ישראל"
162,"אזור, ישראל"
162,"בת ים, ישראל"
162,"חולון, ישראל"
162,"מקווה ישראל, ישראל"
168,"גבעת השלושה, ישראל"
168,"גת רימון, ישראל"
168,"כפר סירקין, ישראל"
168,"פתח תקווה, ישראל"
168,"תעשיון השרון, ישראל"
169,"אלעד, ישראל"
169,"בארות יצחק, ישראל"
169,"בני עטרות, ישראל"
169,"גבעת כ''ח, ישראל"
169,"מגשימים, ישראל"
169,"מזור, ישראל"
169,"נופך, ישראל"
169,"נחלים, ישראל"
169,"נחשונים, ישראל"
169,"רינתיה, ישראל"
170,"עינת, ישראל"
170,"ראש העין, ישראל"
171,"מחנה נחשונים, ישראל"
172,"נמל תעופה בן גוריון, ישראל"
173,"בית נחמיה, ישראל"
173,"בית עריף, ישראל"
173,"ברקת, ישראל"
173,"חדיד, ישראל"
173,"טירת יהודה, ישראל"
173,"מרכז שוהם, ישראל"
173,"שוהם, ישראל"
174,"אחיעזר, ישראל"
174,"בית דגן, ישראל"
174,"גנות, ישראל"
174,"זיתן, ישראל"
174,"חמד, ישראל"
174,"יגל, ישראל"
174,"כפר חב''ד, ישראל"
174,"כפר טרומן, ישראל"
174,"משמר השבעה, ישראל"
174,"צפריה, ישראל"
175,"גן שורק, ישראל"
175,"נטעים, ישראל"
175,"פלמחים, ישראל"
175,"ראשון לציון, ישראל"
178,"באר יעקב, ישראל"
178,"ישרש, ישראל"
178,"מצליח, ישראל"
178,"צריפין, ישראל"
178,"רמלה, ישראל"
179,"אחיסמך, ישראל"
179,"בן שמן, ישראל"
179,"בן שמן כפר נוער, ישראל"
179,"גינתון, ישראל"
179,"כרם בן שמן, ישראל"
179,"לוד, ישראל"
179,"ניר צבי, ישראל"
181,"בודרוס, ישראל"
181,"גמזו, ישראל"
181,"חשמונאים, ישראל"
181,"כפר דניאל, ישראל"
181,"כפר הארנים, ישראל"
181,"כפר רות, ישראל"
181,"לפיד, ישראל"
181,"מבוא חורון, ישראל"
181,"מבוא מודיעים, ישראל"
181,"מודיעין מכבים רעות, ישראל"
181,"מודיעין עילית, ישראל"
181,"מידיה, ישראל"
181,"מתתיהו, ישראל"
181,"נוף איילון, ישראל"
181,"ניעלין, ישראל"
181,"שילת, ישראל"
181,"שעלבים, ישראל"
182,"אירוס, ישראל"
182,"גבעת ברנר, ישראל"
182,"גיבתון, ישראל"
182,"גן שלמה, ישראל"
182,"נצר סרני, ישראל"
182,"רחובות, ישראל"
183,"בית חנן, ישראל"
183,"בית עובד, ישראל"
183,"נס ציונה, ישראל"
183,"עיינות, ישראל"
184,"בית חשמונאי, ישראל"
184,"בית עוזיאל, ישראל"
184,"גזר, ישראל"
184,"גני הדר, ישראל"
184,"גני יוחנן, ישראל"
184,"חולדה, ישראל"
184,"יד רמב''ם, ישראל"
184,"יסודות, ישראל"
184,"יציץ, ישראל"
184,"כפר ביל''ו, ישראל"
184,"כפר בן נון, ישראל"
184,"כפר שמואל, ישראל"
184,"כרמי יוסף, ישראל"
184,"מזכרת בתיה, ישראל"
184,"מרכז קניות ביל''ו, ישראל"
184,"משמר איילון, ישראל"
184,"משמר דוד, ישראל"
184,"נען, ישראל"
184,"נצר חזני, ישראל"
184,"סתריה, ישראל"
184,"עזריה, ישראל"
184,"פדיה, ישראל"
184,"פתחיה, ישראל"
184,"קרית עקרון, ישראל"
184,"רמות מאיר, ישראל"
188,"א דיר במערב הר חברון, ישראל"
188,"אביעזר, ישראל"
188,"אדרת, ישראל"
188,"אום עלאס, ישראל"
188,"אל קילא, ישראל"
188,"אשתאול, ישראל"
188,"בית אולא, ישראל"
188,"בית ג'מאל, ישראל"
188,"בית שמש, ישראל"
188,"בקוע, ישראל"
188,"גבעות עדן, ישראל"
188,"גבעת שמש, ישראל"
188,"גיזו, ישראל"
188,"דייר ראפאת, ישראל"
188,"הראל, ישראל"
188,"זנוח, ישראל"
188,"ח'ראס, ישראל"
188,"טל שחר, ישראל"
188,"ישעי, ישראל"
188,"כפר אוריה, ישראל"
188,"מחסיה, ישראל"
188,"מנזר לטרון, ישראל"
188,"מסילת ציון, ישראל"
188,"נובא, ישראל"
188,"נווה מיכאל, ישראל"
188,"נווה שלום, ישראל"
188,"נחם, ישראל"
188,"נחשון, ישראל"
188,"נתיב הל''ה, ישראל"
188,"פארק צרעה, ישראל"
188,"צלפון, ישראל"
188,"צרעה, ישראל"
188,"רוגלית, ישראל"
188,"תלם, ישראל"
188,"תעוז, ישראל"
188,"תרום, ישראל"
188,"תרקומיא, ישראל"
189,"אבו גוש, ישראל"
189,"איתנים, ישראל"
189,"בית מאיר, ישראל"
189,"בר גיורא, ישראל"
189,"גבעת יערים, ישראל"
189,"יד השמונה, ישראל"
189,"ידידה, ישראל"
189,"כסלון, ישראל"
189,"מטע, ישראל"
189,"נווה אילן, ישראל"
189,"נטף, ישראל"
189,"נס הרים, ישראל"
189,"עין נקובא, ישראל"
189,"עין ראפה, ישראל"
189,"קרית יערים, ישראל"
189,"רמת רזיאל, ישראל"
189,"שואבה, ישראל"
189,"שורש, ישראל"
190,"בידו, ישראל"
190,"בית זית, ישראל"
190,"בית נקופה, ישראל"
190,"בית סוריכ, ישראל"
190,"הר אדר, ישראל"
190,"מבשרת ציון, ישראל"
190,"מוצא עילית, ישראל"
190,"מעלה החמישה, ישראל"
190,"צובה, ישראל"
190,"קרית ענבים, ישראל"
191,"אבן ספיר, ישראל"
191,"אורה, ישראל"
191,"מבוא ביתר, ישראל"
191,"עמינדב, ישראל"
191,"צור הדסה, ישראל"
194,"א זעיים, ישראל"
194,"אבו דיס, ישראל"
194,"אל ולג'ה, ישראל"
194,"ביר נבאלה, ישראל"
194,"בית איכסא, ישראל"
194,"בית חנינא, ישראל"
194,"דיר כרמיזן, ישראל"
194,"חיזמא, ישראל"
194,"ירושלים, ישראל"
194,"ירושלים, ישראל"
194,"ענאתא, ישראל"
194,"רמת רחל, ישראל"
200,"א דיר במזרח הר חברון, ישראל"
200,"אבו נוג'ים, ישראל"
200,"אום א טלע, ישראל"
200,"אום סלמונה, ישראל"
200,"אום עסלה, ישראל"
200,"אל ח'דר, ישראל"
200,"אספר, ישראל"
200,"אספר, ישראל"
200,"ארטאס, ישראל"
200,"בד פלוח, ישראל"
200,"בווידיעה, ישראל"
200,"ביאדה בהר חברון, ישראל"
200,"בית רחאל, ישראל"
200,"בית תעמר, ישראל"
200,"ברד'עה, ישראל"
200,"ג'האלין, ישראל"
200,"ג'וב א רום, ישראל"
200,"ג'והזם, ישראל"
200,"ג'ורת א שמעה, ישראל"
200,"ד'הר חלת אל ג'אמיע, ישראל"
200,"דהיישה מחנה פליטים, ישראל"
200,"ואדי אל עראיס, ישראל"
200,"זעתרה, ישראל"
200,"ח'רזאן, ישראל"
200,"חוג'ילה, ישראל"
200,"חרמלה, ישראל"
200,"כפר אלדד, ישראל"
200,"מיניה, ישראל"
200,"מעלה אדומים, ישראל"
200,"מעלה עמוס, ישראל"
200,"מעסרה, ישראל"
200,"מצד שמעון, ישראל"
200,"מראח רבאח, ישראל"
200,"נוקדים, ישראל"
200,"עבדאללה איברהים, ישראל"
200,"עובידייה, ישראל"
200,"עיזרייה, ישראל"
200,"עילת עלי, ישראל"
200,"ערב א שמעה, ישראל"
200,"קדר, ישראל"
200,"ראס סניסיל, ישראל"
200,"רפידא, ישראל"
200,"תוקוע, ישראל"
200,"תעמרה, ישראל"
200,"תקוע, ישראל"
206,"א שויוח, ישראל"
206,"אל ערוב, ישראל"
206,"אלון שבות, ישראל"
206,"אלון שבות, ישראל"
206,"אלעזר, ישראל"
206,"אפרתה, ישראל"
206,"בית אומר, ישראל"
206,"בית כאחיל, ישראל"
206,"בית סכריא, ישראל"
206,"בית פג'אר, ישראל"
206,"ביתר עילית, ישראל"
206,"בת עין, ישראל"
206,"בתיר, ישראל"
206,"ג'אלא, ישראל"
206,"ג'בעה, ישראל"
206,"הר גילה, ישראל"
206,"ואדי פוכין, ישראל"
206,"ח'ירבת ספא, ישראל"
206,"חוסאן, ישראל"
206,"חלחול, ישראל"
206,"חסכה, ישראל"
206,"כוויזבא, ישראל"
206,"כפר עציון, ישראל"
206,"כרמי צור, ישראל"
206,"מגדל עוז, ישראל"
206,"מועסכר אל ערוב, ישראל"
206,"מראח אל בקר, ישראל"
206,"נווה דניאל, ישראל"
206,"נחאלין, ישראל"
206,"סוריף, ישראל"
206,"סיעיר, ישראל"
206,"עבדאללה איברהים, ישראל"
206,"ראש צורים, ישראל"
207,"א דיראת, ישראל"
207,"א טבקה, ישראל"
207,"א טוואני, ישראל"
207,"א ריחייה, ישראל"
207,"אדורה, ישראל"
207,"אימריש, ישראל"
207,"אל הג'רה, ישראל"
207,"אל חדב, ישראל"
207,"אל מאג'ור, ישראל"
207,"אל מראג'ם, ישראל"
207,"אל עלקה אל פוקא, ישראל"
207,"אל פוואר, ישראל"
207,"אל קוסור, ישראל"
207,"אפיניש, ישראל"
207,"בית עינון, ישראל"
207,"בית עמרה, ישראל"
207,"בני נעים, ישראל"
207,"ג'רון א לוז, ישראל"
207,"דהרייה, ישראל"
207,"דומא במרכז שומרון, ישראל"
207,"דורא, ישראל"
207,"דיר סאמת, ישראל"
207,"דיר ראזח, ישראל"
207,"הר עמשא, ישראל"
207,"ואדיח, ישראל"
207,"זיף, ישראל"
207,"ח'ירבת זיתא, ישראל"
207,"ח'ירבת כרמה, ישראל"
207,"ח'רסה, ישראל"
207,"ח'שם אל כרם, ישראל"
207,"חברון, ישראל"
207,"חגי, ישראל"
207,"טנא, ישראל"
207,"יטא יוטה, ישראל"
207,"ים המלח בתי מלון, ישראל"
207,"כעאבנה, ישראל"
207,"כרזה, ישראל"
207,"כרמיל, ישראל"
207,"כרמל, ישראל"
207,"לב יתיר, ישראל"
207,"מג'ד, ישראל"
207,"מעון, ישראל"
207,"מעין, ישראל"
207,"מצדה, ישראל"
207,"מצדות יהודה, ישראל"
207,"נגוהות, ישראל"
207,"נווה זוהר, ישראל"
207,"סובא, ישראל"
207,"סוסיה, ישראל"
207,"סימיא, ישראל"
207,"סמוע, ישראל"
207,"עבדה, ישראל"
207,"עווד, ישראל"
207,"עוזיז, ישראל"
207,"עין בוקק, ישראל"
207,"עין גדי, ישראל"
207,"ענאב אל כביר, ישראל"
207,"עתניאל, ישראל"
207,"פוקיקיס, ישראל"
207,"פני חבר, ישראל"
207,"קוואעין, ישראל"
207,"קילקיס, ישראל"
207,"קרית ארבע, ישראל"
207,"ראבוד, ישראל"
207,"ראפאת ליד סמוע, ישראל"
207,"רוג'ם אום ח'יר, ישראל"
207,"רוקעה, ישראל"
207,"שוויכה בהר חברון, ישראל"
207,"שייח' אחמד אל עבד, ישראל"
207,"שמעה, ישראל"
207,"שני ליבנה, ישראל"
207,"תפוח, ישראל"
207,"תראמה, ישראל"
210,"אבנת, ישראל"
210,"מצוקי דרגות, ישראל"
210,"מצפה שלם, ישראל"
217,"זיקים, ישראל"
217,"כרמיה, ישראל"
218,"יד מרדכי, ישראל"
218,"נתיב העשרה, ישראל"
219,"אור הנר, ישראל"
219,"ארז, ישראל"
220,"איבים, ישראל"
220,"גבים, ישראל"
220,"מכללת ספיר, ישראל"
220,"ניר עם, ישראל"
220,"שדרות, ישראל"
221,"מפלסים, ישראל"
222,"יכיני, ישראל"
223,"כפר עזה, ישראל"
223,"סעד, ישראל"
224,"נחל עוז, ישראל"
224,"עלומים, ישראל"
225,"זמרת, ישראל"
225,"חוות יזרעם, ישראל"
225,"כפר מימון, ישראל"
225,"שובה, ישראל"
225,"שוקדה, ישראל"
225,"תושיה, ישראל"
225,"תקומה, ישראל"
227,"בארי, ישראל"
228,"רעים, ישראל"
230,"כיסופים, ישראל"
231,"נירים, ישראל"
231,"עין השלושה, ישראל"
232,"ניר עוז, ישראל"
233,"מגן, ישראל"
233,"מועצה אזורית אשכול, ישראל"
233,"מפעלי מעון, ישראל"
233,"עין הבשור, ישראל"
234,"אוהד, ישראל"
234,"ישע, ישראל"
234,"מבטחים, ישראל"
234,"עמיעוז, ישראל"
234,"צוחר, ישראל"
234,"שדה ניצן, ישראל"
234,"תלמי אליהו, ישראל"
236,"חולית, ישראל"
236,"ניר יצחק, ישראל"
236,"סופה, ישראל"
237,"כרם שלום, ישראל"
238,"אבשלום, ישראל"
238,"בני נצרים, ישראל"
238,"דקל, ישראל"
238,"יבול, ישראל"
238,"יתד, ישראל"
238,"נווה, ישראל"
238,"פרי גן, ישראל"
238,"שדי אברהם, ישראל"
238,"שלומית, ישראל"
238,"תלמי יוסף, ישראל"
245,"ניצן, ישראל"
245,"ניצן ב', ישראל"
245,"ניצנים, ישראל"
246,"אשקלון, ישראל"
246,"באר גנים, ישראל"
247,"א.ת אשקלון, ישראל"
248,"ברכיה, ישראל"
248,"הודיה, ישראל"
248,"כפר סילבר, ישראל"
248,"משען, ישראל"
248,"ניר ישראל, ישראל"
249,"זוהר, ישראל"
249,"יד נתן, ישראל"
249,"כוכב מיכאל, ישראל"
249,"נגבה, ישראל"
249,"נהורה, ישראל"
249,"נוגה, ישראל"
249,"ניר ח''ן, ישראל"
249,"עוצם, ישראל"
249,"שדה יואב, ישראל"
249,"שחר, ישראל"
250,"בית שיקמה, ישראל"
250,"בת הדר, ישראל"
250,"גיאה, ישראל"
250,"מבקיעים, ישראל"
250,"תלמי יפה, ישראל"
251,"ברור חיל, ישראל"
251,"גברעם, ישראל"
251,"חלץ, ישראל"
251,"שדה דוד, ישראל"
251,"תלמים, ישראל"
252,"דורות, ישראל"
252,"חוות שיקמים, ישראל"
252,"רוחמה, ישראל"
253,"אשבול, ישראל"
253,"זרועה, ישראל"
253,"יושיביה, ישראל"
253,"מבועים, ישראל"
253,"ניר משה, ישראל"
253,"ניר עקיבא, ישראל"
253,"פעמי תש''ז, ישראל"
253,"קלחים, ישראל"
253,"שבי דרום, ישראל"
253,"שדה צבי, ישראל"
253,"תלמי ביל''ו, ישראל"
254,"בית הגדי, ישראל"
254,"נתיבות, ישראל"
254,"קרית חינוך שדות נגב, ישראל"
255,"ברוש, ישראל"
255,"גבעולים, ישראל"
255,"מלילות, ישראל"
255,"מעגלים, ישראל"
255,"שיבולים, ישראל"
255,"שרשרת, ישראל"
255,"תאשור, ישראל"
255,"תדהר, ישראל"
256,"אורים, ישראל"
256,"פטיש, ישראל"
257,"גבולות, ישראל"
257,"צאלים, ישראל"
266,"גאליה, ישראל"
266,"יבנה, ישראל"
266,"כפר הנגיד, ישראל"
267,"בית גמליאל, ישראל"
267,"בית רבן, ישראל"
267,"בן זכאי, ישראל"
267,"בניה, ישראל"
267,"כפר אביב, ישראל"
267,"כפר מרדכי, ישראל"
267,"כרם יבנה, ישראל"
267,"מישר, ישראל"
267,"משגב דב, ישראל"
267,"עשרת, ישראל"
267,"צופיה, ישראל"
267,"קבוצת יבנה, ישראל"
267,"שדמה, ישראל"
268,"בית אלעזרי, ישראל"
268,"בית חלקיה, ישראל"
268,"בני ראם, ישראל"
268,"ברורים, ישראל"
268,"גדרה, ישראל"
268,"גני טל, ישראל"
268,"חפץ חיים, ישראל"
268,"יד בנימין, ישראל"
268,"קדרון, ישראל"
268,"רבדים, ישראל"
271,"אשדוד, ישראל"
271,"בני דרום, ישראל"
271,"נווה הרצוג, ישראל"
271,"ניר גלים, ישראל"
271,"עד הלום, ישראל"
272,"אמונים, ישראל"
272,"בית עזרא, ישראל"
272,"גבעתי, ישראל"
272,"עזר, ישראל"
272,"עזריקם, ישראל"
272,"שדה עוזיהו, ישראל"
272,"שתולים, ישראל"
273,"ביצרון, ישראל"
273,"בני עי''ש, ישראל"
273,"גן הדרום, ישראל"
273,"גן יבנה, ישראל"
273,"חצב, ישראל"
273,"חצור אשדוד, ישראל"
273,"כנות, ישראל"
273,"נווה מבטח, ישראל"
275,"אביגדור, ישראל"
275,"אורות, ישראל"
275,"אחווה, ישראל"
275,"אל עזי, ישראל"
275,"באר טוביה, ישראל"
275,"ינון, ישראל"
275,"כפר אחים, ישראל"
275,"כפר הרי''ף, ישראל"
275,"כפר ורבורג, ישראל"
275,"כפר מנחם, ישראל"
275,"ערוגות, ישראל"
275,"קרית מלאכי, ישראל"
275,"תימורים, ישראל"
275,"תלמי יחיאל, ישראל"
276,"מרכז שפירא, ישראל"
276,"משואות יצחק, ישראל"
276,"עין צורים, ישראל"
276,"שפיר, ישראל"
278,"גבעת ישעיהו, ישראל"
278,"גפן, ישראל"
278,"זכריה, ישראל"
278,"כפר זוהרים, ישראל"
278,"לוזית, ישראל"
278,"נחושה, ישראל"
278,"עגור, ישראל"
278,"צפרירים, ישראל"
278,"שדות מיכה, ישראל"
278,"שריגים, ישראל"
278,"תירוש, ישראל"
280,"אלומה, ישראל"
280,"ורדון, ישראל"
280,"זבדיאל, ישראל"
280,"זרחיה, ישראל"
280,"מנוחה, ישראל"
280,"נחלה, ישראל"
280,"ניר בנים, ישראל"
280,"סגולה, ישראל"
280,"קדמה, ישראל"
280,"קוממיות, ישראל"
280,"רווחה, ישראל"
281,"אבן שמואל, ישראל"
281,"אחוזם, ישראל"
281,"איתן, ישראל"
281,"גת, ישראל"
281,"מבחור, ישראל"
281,"נועם, ישראל"
281,"עוזה, ישראל"
281,"קרית גת, ישראל"
281,"שדה משה, ישראל"
281,"שלווה, ישראל"
282,"בית גוברין, ישראל"
282,"בית ניר, ישראל"
282,"גלאון, ישראל"
282,"לכיש, ישראל"
285,"אל בירה בהר חברון, ישראל"
285,"אמציה, ישראל"
285,"אשכולות, ישראל"
285,"בורג', ישראל"
285,"בית א רוש אל פוקא, ישראל"
285,"בית מירסים, ישראל"
285,"בני דקלים, ישראל"
285,"כרם עמי, ישראל"
285,"כרמי קטיף, ישראל"
285,"נטע, ישראל"
285,"שומריה, ישראל"
285,"שקף, ישראל"
286,"א זיאדנה דרומית לרהט, ישראל"
286,"א זיאדנה צפונית לרהט, ישראל"
286,"אל הייל, ישראל"
286,"אל חוקוק, ישראל"
286,"אל עתאיקה, ישראל"
286,"בית קמה, ישראל"
286,"גבעות בר, ישראל"
286,"דבירה, ישראל"
286,"הוזייל, ישראל"
286,"כפר נוער עדנים, ישראל"
286,"להב, ישראל"
286,"להבים, ישראל"
286,"מפעלי אבשלום, ישראל"
286,"משמר הנגב, ישראל"
286,"רהט, ישראל"
286,"שובל, ישראל"
286,"תראבין א צאנה, ישראל"
287,"אבו ג'אבר, ישראל"
287,"אבו טראש, ישראל"
287,"אבו כף אום בטין, ישראל"
287,"אבו סריחאן, ישראל"
287,"אבו עבדון, ישראל"
287,"אבו עמרה, ישראל"
287,"אבו עסא, ישראל"
287,"אבו רוקייק, ישראל"
287,"אל אסד, ישראל"
287,"לקיה, ישראל"
287,"עומר, ישראל"
287,"תל שבע, ישראל"
288,"אופקים, ישראל"
288,"אופקים, ישראל"
288,"מסלול, ישראל"
288,"פדויים, ישראל"
288,"רנן, ישראל"
289,"בטחה, ישראל"
289,"גילת, ישראל"
289,"תפרח, ישראל"
291,"חצרים, ישראל"
292,"באר שבע, ישראל"
292,"מסעודין אל עזאזמה, ישראל"
296,"א נבארי, ישראל"
296,"א סייד , ישראל"
296,"אבו ג'אבר דרומית ממיתר, ישראל"
296,"אל עטאונה, ישראל"
296,"אעצם, ישראל"
296,"חורה, ישראל"
296,"כרמים, ישראל"
296,"כרמית, ישראל"
296,"מולדה, ישראל"
296,"מיתר, ישראל"
296,"סנסנה, ישראל"
296,"עוקבי, ישראל"
297,"אבו קוידר אל עפאוי דרומית לנבטים, ישראל"
297,"אבו תלול, ישראל"
297,"אל חמידי, ישראל"
297,"אל עת'אמין, ישראל"
297,"ביר אבו אל חמאם, ישראל"
297,"נבטים, ישראל"
297,"שגב שלום, ישראל"
299,"א דהאבשה, ישראל"
299,"אבו ג'ודה, ישראל"
299,"אבו ג'ווייעד, ישראל"
299,"אבו קרינאת, ישראל"
299,"אבו קרינאת מערבית לכסיפה, ישראל"
299,"אבו רביעה, ישראל"
299,"אבו רביעה צפונית לכסיפה, ישראל"
299,"אל ג'וויני, ישראל"
299,"אל ג'נאמי, ישראל"
299,"אל עביד, ישראל"
299,"אל קורעאן ב, ישראל"
299,"אל קרישי, ישראל"
299,"אל קרעאן, ישראל"
299,"אל קרעאן דרומית לערד, ישראל"
299,"אל קשכר, ישראל"
299,"ג'נאביב, ישראל"
299,"דריג'את, ישראל"
299,"זבארגה, ישראל"
299,"כוחלה, ישראל"
299,"כסיפה, ישראל"
299,"מכחול, ישראל"
299,"נצאצרה, ישראל"
299,"ערד, ישראל"
299,"ערערה בנגב, ישראל"
299,"קבועה, ישראל"
299,"קודייראת א צאנה, ישראל"
299,"קשכר נבארי, ישראל"
300,"א דנפירי, ישראל"
300,"אבו עפאש, ישראל"
300,"אל ג'רג'אווי, ישראל"
300,"אל ולידי, ישראל"
300,"אל כלאב, ישראל"
300,"עזאזמה, ישראל"
300,"עזאזמה דרומית לרמת חובב, ישראל"
300,"עזאזמה דרומית לשגב שלום, ישראל"
300,"עזאזמה מזרחית לרמת חובב, ישראל"
300,"רמת חובב, ישראל"
300,"תראבין א צאנה שבט, ישראל"
301,"אורון, ישראל"
301,"אל מחד'י צפונית לדימונה, ישראל"
301,"אל ע'ול צפונית לדימונה, ישראל"
301,"אל עמראני דרום מערב לדימונה, ישראל"
301,"דימונה, ישראל"
301,"הוואשלה, ישראל"
301,"ירוחם, ישראל"
301,"קסר א סיר, ישראל"
301,"קרנב אבו סלב, ישראל"
301,"רח'מה, ישראל"
302,"אשלים, ישראל"
302,"באר מילכה, ישראל"
302,"ביר הדאג', ישראל"
302,"טללים, ישראל"
302,"כמהין, ישראל"
302,"מעלה שביט, ישראל"
302,"משאבי שדה, ישראל"
302,"ניצנה כפר נוער, ישראל"
302,"ניצני סיני, ישראל"
302,"עזוז, ישראל"
302,"קציעות, ישראל"
302,"ראם תשלובת חקלאית, ישראל"
302,"רביבים, ישראל"
302,"רוח במדבר, ישראל"
302,"רתמים, ישראל"
302,"שיבטה, ישראל"
305,"מדרשת בן גוריון, ישראל"
305,"מצפה רמון, ישראל"
305,"מרחב עם, ישראל"
305,"שדה בוקר, ישראל"
305,"שלווה במדבר, ישראל"
308,"שיטים, ישראל"
310,"אליפז, ישראל"
310,"באר אורה, ישראל"
310,"גרופית, ישראל"
310,"חצבה, ישראל"
310,"יהל, ישראל"
310,"יטבתה, ישראל"
310,"לוטן, ישראל"
310,"נאות הכיכר, ישראל"
310,"נאות סמדר, ישראל"
310,"נווה חריף, ישראל"
310,"סמר, ישראל"
310,"ספיר, ישראל"
310,"עידן, ישראל"
310,"עין חצבה, ישראל"
310,"עין יהב, ישראל"
310,"עין תמר, ישראל"
310,"עיר אובות, ישראל"
310,"פארן, ישראל"
310,"צופר, ישראל"
310,"צוקים, ישראל"
310,"קטורה, ישראל"
310,"שחרות, ישראל"
311,"אילות, ישראל"
311,"אילת, ישראל"
